delete from usuario_entity;





--Crear estudiantes
INSERT INTO USUARIO_ENTITY (CODIGO_POSTAL, LATITUD, LONGITUD, ID, DTYPE, CONTRASENA, CORREO, ENLACE_REUNION, EXPERIENCIA, FORMACION, FOTO_URL, NOMBRE, PRECIO_HORA, TELEFONO, TIPO, VIDEO_URL) VALUES (110111, 4.60971, -74.08175, 1, 'EstudianteEntity', 'pass1234', 'maria.gomez@example.com', 'https://meet.google.com/maria', 'Participación en semillero de investigación', 'Ingeniería de Sistemas', 'http://dummyimage.com/200x200.png/5fa2dd/ffffff', 'Maria Gomez', '0', '3001234567', 'ESTUDIANTE', 'https://youtube.com/maria/proyecto');
INSERT INTO USUARIO_ENTITY (CODIGO_POSTAL, LATITUD, LONGITUD, ID, DTYPE, CONTRASENA, CORREO, ENLACE_REUNION, EXPERIENCIA, FORMACION, FOTO_URL, NOMBRE, PRECIO_HORA, TELEFONO, TIPO, VIDEO_URL) VALUES (760001, 3.45164, -76.53198, 2, 'EstudianteEntity', 'securePass!', 'juan.perez@example.com', 'https://zoom.us/juan', 'Pasantía en multinacional', 'Administración de Empresas', 'http://dummyimage.com/200x200.png/dddddd/000000', 'Juan Perez', '0', '3109876543', 'ESTUDIANTE', 'https://vimeo.com/juan/charla');
INSERT INTO USUARIO_ENTITY (CODIGO_POSTAL, LATITUD, LONGITUD, ID, DTYPE, CONTRASENA, CORREO, ENLACE_REUNION, EXPERIENCIA, FORMACION, FOTO_URL, NOMBRE, PRECIO_HORA, TELEFONO, TIPO, VIDEO_URL) VALUES (500001, 7.12345, -73.13496, 3, 'EstudianteEntity', 'qwerty789', 'laura.martinez@example.com', 'https://teams.microsoft.com/laura', 'Proyecto social universitario', 'Psicología', 'http://dummyimage.com/200x200.png/ff4444/ffffff', 'Laura Martinez', '0', '3201122334', 'ESTUDIANTE', 'https://youtube.com/laura/psicologia');
INSERT INTO USUARIO_ENTITY (CODIGO_POSTAL, LATITUD, LONGITUD, ID, DTYPE, CONTRASENA, CORREO, ENLACE_REUNION, EXPERIENCIA, FORMACION, FOTO_URL, NOMBRE, PRECIO_HORA, TELEFONO, TIPO, VIDEO_URL) VALUES (050001, 6.2442, -75.5812, 4, 'EstudianteEntity', 'admin2024', 'carlos.lopez@example.com', 'https://zoom.us/carlos', 'Voluntariado en alfabetización digital', 'Comunicación Social', 'http://dummyimage.com/200x200.png/000000/ffffff', 'Carlos Lopez', '0', '3015566778', 'ESTUDIANTE', 'https://vimeo.com/carlos/comunicacion');
INSERT INTO USUARIO_ENTITY (CODIGO_POSTAL, LATITUD, LONGITUD, ID, DTYPE, CONTRASENA, CORREO, ENLACE_REUNION, EXPERIENCIA, FORMACION, FOTO_URL, NOMBRE, PRECIO_HORA, TELEFONO, TIPO, VIDEO_URL) VALUES (190001, 2.44108, -76.6069, 5, 'EstudianteEntity', 'mypassword', 'paula.sanchez@example.com', 'https://meet.google.com/paula', 'Participante de Olimpiadas de Matemáticas', 'Matemáticas', 'http://dummyimage.com/200x200.png/ffcc00/000000', 'Paula Sanchez', '0', '3156789012', 'ESTUDIANTE', 'https://youtube.com/paula/olimpiadas');
INSERT INTO USUARIO_ENTITY (CODIGO_POSTAL, LATITUD, LONGITUD, ID, DTYPE, CONTRASENA, CORREO, ENLACE_REUNION, EXPERIENCIA, FORMACION, FOTO_URL, NOMBRE, PRECIO_HORA, TELEFONO, TIPO, VIDEO_URL) VALUES (150001, 5.53528, -73.36778, 6, 'EstudianteEntity', 'letmein123', 'luis.fernandez@example.com', 'https://meet.jit.si/luis', 'Monitor académico en Física', 'Física', 'http://dummyimage.com/200x200.png/cc0000/ffffff', 'Luis Fernandez', '0', '3009988776', 'ESTUDIANTE', 'https://vimeo.com/luis/fisica');
INSERT INTO USUARIO_ENTITY (CODIGO_POSTAL, LATITUD, LONGITUD, ID, DTYPE, CONTRASENA, CORREO, ENLACE_REUNION, EXPERIENCIA, FORMACION, FOTO_URL, NOMBRE, PRECIO_HORA, TELEFONO, TIPO, VIDEO_URL) VALUES (200001, 8.76417, -75.87958, 7, 'EstudianteEntity', 'changeme', 'ana.garcia@example.com', 'https://zoom.us/ana', 'Investigadora junior en biología', 'Biología', 'http://dummyimage.com/200x200.png/5fa2dd/000000', 'Ana Garcia', '0', '3023344556', 'ESTUDIANTE', 'https://youtube.com/ana/biologia');
INSERT INTO USUARIO_ENTITY (CODIGO_POSTAL, LATITUD, LONGITUD, ID, DTYPE, CONTRASENA, CORREO, ENLACE_REUNION, EXPERIENCIA, FORMACION, FOTO_URL, NOMBRE, PRECIO_HORA, TELEFONO, TIPO, VIDEO_URL) VALUES (730001, 4.43889, -75.23222, 8, 'EstudianteEntity', 'testuser1', 'david.moreno@example.com', 'https://meet.google.com/david', 'Auxiliar de laboratorio de química', 'Química', 'http://dummyimage.com/200x200.png/0099cc/ffffff', 'David Moreno', '0', '3104455667', 'ESTUDIANTE', 'https://vimeo.com/david/quimica');
INSERT INTO USUARIO_ENTITY (CODIGO_POSTAL, LATITUD, LONGITUD, ID, DTYPE, CONTRASENA, CORREO, ENLACE_REUNION, EXPERIENCIA, FORMACION, FOTO_URL, NOMBRE, PRECIO_HORA, TELEFONO, TIPO, VIDEO_URL) VALUES (470001, 11.24079, -74.19904, 9, 'EstudianteEntity', 'demo123', 'andrea.castillo@example.com', 'https://teams.microsoft.com/andrea', 'Colaboración en revista estudiantil', 'Literatura', 'http://dummyimage.com/200x200.png/ff4444/000000', 'Andrea Castillo', '0', '3206677889', 'ESTUDIANTE', 'https://youtube.com/andrea/literatura');
INSERT INTO USUARIO_ENTITY (CODIGO_POSTAL, LATITUD, LONGITUD, ID, DTYPE, CONTRASENA, CORREO, ENLACE_REUNION, EXPERIENCIA, FORMACION, FOTO_URL, NOMBRE, PRECIO_HORA, TELEFONO, TIPO, VIDEO_URL) VALUES (680001, 7.12539, -73.1198, 10, 'EstudianteEntity', 'springboot', 'julian.mendez@example.com', 'https://zoom.us/julian', 'Participante en hackathons de programación', 'Ingeniería de Software', 'http://dummyimage.com/200x200.png/ffffff/000000', 'Julian Mendez', '0', '3005544332', 'ESTUDIANTE', 'https://vimeo.com/julian/codigo');



--Crear Profesores
INSERT INTO USUARIO_ENTITY (CODIGO_POSTAL, LATITUD, LONGITUD, ID, DTYPE, CONTRASENA, CORREO, ENLACE_REUNION, EXPERIENCIA, FORMACION, FOTO_URL, NOMBRE, PRECIO_HORA, TELEFONO, TIPO, VIDEO_URL) VALUES (110121, 4.6531, -74.0836, 101, 'ProfesorEntity', 'prof123', 'alberto.ruiz@example.com', 'https://meet.google.com/alberto', '10 años enseñando física en universidad', 'Física', 'http://dummyimage.com/200x200.png/0000ff/ffffff', 'Alberto Ruiz', 80000, '3100001122', 'PROFESOR', 'https://youtube.com/alberto/fisica');
INSERT INTO USUARIO_ENTITY (CODIGO_POSTAL, LATITUD, LONGITUD, ID, DTYPE, CONTRASENA, CORREO, ENLACE_REUNION, EXPERIENCIA, FORMACION, FOTO_URL, NOMBRE, PRECIO_HORA, TELEFONO, TIPO, VIDEO_URL) VALUES (760045, 3.4372, -76.5222, 102, 'ProfesorEntity', 'pass456', 'beatriz.mendoza@example.com', 'https://zoom.us/beatriz', '5 años como tutora de matemáticas', 'Matemáticas', 'http://dummyimage.com/200x200.png/ff6600/ffffff', 'Beatriz Mendoza', 60000, '3151234567', 'PROFESOR', 'https://vimeo.com/beatriz/matematicas');
INSERT INTO USUARIO_ENTITY (CODIGO_POSTAL, LATITUD, LONGITUD, ID, DTYPE, CONTRASENA, CORREO, ENLACE_REUNION, EXPERIENCIA, FORMACION, FOTO_URL, NOMBRE, PRECIO_HORA, TELEFONO, TIPO, VIDEO_URL) VALUES (500101, 7.1143, -73.1225, 103, 'ProfesorEntity', 'teach789', 'carlos.vera@example.com', 'https://teams.microsoft.com/carlos', 'Docente universitario con maestría en ingeniería', 'Ingeniería Electrónica', 'http://dummyimage.com/200x200.png/008800/ffffff', 'Carlos Vera', 90000, '3113344556', 'PROFESOR', 'https://youtube.com/carlos/ingenieria');
INSERT INTO USUARIO_ENTITY (CODIGO_POSTAL, LATITUD, LONGITUD, ID, DTYPE, CONTRASENA, CORREO, ENLACE_REUNION, EXPERIENCIA, FORMACION, FOTO_URL, NOMBRE, PRECIO_HORA, TELEFONO, TIPO, VIDEO_URL) VALUES (130001, 10.3997, -75.5144, 104, 'ProfesorEntity', 'docente2025', 'diana.torres@example.com', 'https://meet.jit.si/diana', 'Profesora certificada en química y biotecnología', 'Química', 'http://dummyimage.com/200x200.png/dd0000/ffffff', 'Diana Torres', 75000, '3167788990', 'PROFESOR', 'https://vimeo.com/diana/quimica');
INSERT INTO USUARIO_ENTITY (CODIGO_POSTAL, LATITUD, LONGITUD, ID, DTYPE, CONTRASENA, CORREO, ENLACE_REUNION, EXPERIENCIA, FORMACION, FOTO_URL, NOMBRE, PRECIO_HORA, TELEFONO, TIPO, VIDEO_URL) VALUES (170001, 5.0676, -75.5174, 105, 'ProfesorEntity', 'bio1234', 'eduardo.morales@example.com', 'https://zoom.us/eduardo', 'Investigador postdoctoral en biología', 'Biología', 'http://dummyimage.com/200x200.png/00ccff/000000', 'Eduardo Morales', 95000, '3124455667', 'PROFESOR', 'https://youtube.com/eduardo/biologia');
INSERT INTO USUARIO_ENTITY (CODIGO_POSTAL, LATITUD, LONGITUD, ID, DTYPE, CONTRASENA, CORREO, ENLACE_REUNION, EXPERIENCIA, FORMACION, FOTO_URL, NOMBRE, PRECIO_HORA, TELEFONO, TIPO, VIDEO_URL) VALUES (110121, 4.6584, -74.0937, 11, 'ProfesorEntity', 'profpass1', 'marcela.ramirez@example.com', 'https://meet.google.com/marcela', '10 años como docente universitaria en matemáticas aplicadas', 'Doctorado en Matemáticas', 'http://dummyimage.com/200x200.png/3366cc/ffffff', 'Marcela Ramirez', '60000', '3002223344', 'PROFESOR', 'https://youtube.com/marcela/matematicas');
INSERT INTO USUARIO_ENTITY (CODIGO_POSTAL, LATITUD, LONGITUD, ID, DTYPE, CONTRASENA, CORREO, ENLACE_REUNION, EXPERIENCIA, FORMACION, FOTO_URL, NOMBRE, PRECIO_HORA, TELEFONO, TIPO, VIDEO_URL) VALUES (760045, 3.4023, -76.5523, 12, 'ProfesorEntity', 'profpass2', 'jorge.torres@example.com', 'https://zoom.us/jorge', '7 años en docencia y tutorías personalizadas de física', 'Maestría en Física Teórica', 'http://dummyimage.com/200x200.png/009900/ffffff', 'Jorge Torres', '55000', '3111234567', 'PROFESOR', 'https://vimeo.com/jorge/fisica');
INSERT INTO USUARIO_ENTITY (CODIGO_POSTAL, LATITUD, LONGITUD, ID, DTYPE, CONTRASENA, CORREO, ENLACE_REUNION, EXPERIENCIA, FORMACION, FOTO_URL, NOMBRE, PRECIO_HORA, TELEFONO, TIPO, VIDEO_URL) VALUES (500011, 7.1239, -73.1371, 13, 'ProfesorEntity', 'profpass3', 'natalia.diaz@example.com', 'https://teams.microsoft.com/natalia', 'Asesora de tesis y publicaciones en psicología clínica', 'Doctorado en Psicología Clínica', 'http://dummyimage.com/200x200.png/ff6600/ffffff', 'Natalia Diaz', '70000', '3204455667', 'PROFESOR', 'https://youtube.com/natalia/psicologia');
INSERT INTO USUARIO_ENTITY (CODIGO_POSTAL, LATITUD, LONGITUD, ID, DTYPE, CONTRASENA, CORREO, ENLACE_REUNION, EXPERIENCIA, FORMACION, FOTO_URL, NOMBRE, PRECIO_HORA, TELEFONO, TIPO, VIDEO_URL) VALUES (050002, 6.2518, -75.5636, 14, 'ProfesorEntity', 'profpass4', 'ricardo.gomez@example.com', 'https://zoom.us/ricardo', 'Experto en comunicación y medios digitales, docente por 8 años', 'Maestría en Comunicación Estratégica', 'http://dummyimage.com/200x200.png/000000/cccccc', 'Ricardo Gomez', '50000', '3029988776', 'PROFESOR', 'https://vimeo.com/ricardo/comunicacion');
INSERT INTO USUARIO_ENTITY (CODIGO_POSTAL, LATITUD, LONGITUD, ID, DTYPE, CONTRASENA, CORREO, ENLACE_REUNION, EXPERIENCIA, FORMACION, FOTO_URL, NOMBRE, PRECIO_HORA, TELEFONO, TIPO, VIDEO_URL) VALUES (190002, 2.4435, -76.6048, 15, 'ProfesorEntity', 'profpass5', 'silvia.morales@example.com', 'https://meet.google.com/silvia', 'Docente universitaria e investigadora en biotecnología vegetal', 'Doctorado en Biología Molecular', 'http://dummyimage.com/200x200.png/ff99cc/000000', 'Silvia Morales', '68000', '3157788990', 'PROFESOR', 'https://youtube.com/silvia/biotecnologia');



--Crear Asesorias
-- Asesoría 1: Maria Gomez toma una asesoría de Física con Alberto Ruiz
INSERT INTO ASESORIA_ENTITY (COMPLETADA, CALENDARIO_ID, ID, PROFESOR_ID, RESERVA_ID, USUARIO_ID, AREA, DURACION, TEMATICA, TIPO) VALUES (FALSE, 1, 1, 101, 1001, 1, 'Física', 60, 'Mecánica cuántica', 'Virtual');
-- Asesoría 2: Juan Perez toma una asesoría de Matemáticas con Beatriz Mendoza
INSERT INTO ASESORIA_ENTITY (COMPLETADA, CALENDARIO_ID, ID, PROFESOR_ID, RESERVA_ID, USUARIO_ID, AREA, DURACION, TEMATICA, TIPO) VALUES (FALSE, 2, 2, 102, 1002, 2, 'Matemáticas', 90, 'Cálculo diferencial', 'Presencial');
-- Asesoría 3: Laura Martinez toma una asesoría de Psicología con Beatriz Mendoza
INSERT INTO ASESORIA_ENTITY (COMPLETADA, CALENDARIO_ID, ID, PROFESOR_ID, RESERVA_ID, USUARIO_ID, AREA, DURACION, TEMATICA, TIPO) VALUES (FALSE, 3, 3, 102, 1003, 3, 'Psicología', 60, 'Psicología del desarrollo', 'Virtual');
-- Asesoría 4: Carlos Lopez toma una asesoría de Comunicación Social con Alberto Ruiz
INSERT INTO ASESORIA_ENTITY (COMPLETADA, CALENDARIO_ID, ID, PROFESOR_ID, RESERVA_ID, USUARIO_ID, AREA, DURACION, TEMATICA, TIPO) VALUES (FALSE, 4, 4, 101, 1004, 4, 'Comunicación Social', 75, 'Teoría de la comunicación', 'Presencial');
-- Asesoría 5: Paula Sanchez toma una asesoría de Matemáticas con Beatriz Mendoza
INSERT INTO ASESORIA_ENTITY (COMPLETADA, CALENDARIO_ID, ID, PROFESOR_ID, RESERVA_ID, USUARIO_ID, AREA, DURACION, TEMATICA, TIPO) VALUES (FALSE, 5, 5, 102, 1005, 5, 'Matemáticas', 90, 'Álgebra lineal', 'Virtual');
-- Asesoría 6: Luis Fernandez toma una asesoría de Física con Alberto Ruiz
INSERT INTO ASESORIA_ENTITY (COMPLETADA, CALENDARIO_ID, ID, PROFESOR_ID, RESERVA_ID, USUARIO_ID, AREA, DURACION, TEMATICA, TIPO) VALUES (FALSE, 6, 6, 101, 1006, 6, 'Física', 60, 'Electromagnetismo', 'Presencial');
-- Asesoría 7: Ana Garcia toma una asesoría de Biología con Beatriz Mendoza
INSERT INTO ASESORIA_ENTITY (COMPLETADA, CALENDARIO_ID, ID, PROFESOR_ID, RESERVA_ID, USUARIO_ID, AREA, DURACION, TEMATICA, TIPO) VALUES (FALSE, 7, 7, 102, 1007, 7, 'Biología', 90, 'Biología celular', 'Virtual');
-- Asesoría 8: David Moreno toma una asesoría de Química con Carlos Vera
INSERT INTO ASESORIA_ENTITY (COMPLETADA, CALENDARIO_ID, ID, PROFESOR_ID, RESERVA_ID, USUARIO_ID, AREA, DURACION, TEMATICA, TIPO) VALUES (FALSE, 8, 8, 103, 1008, 8, 'Química', 60, 'Química orgánica', 'Presencial');
-- Asesoría 9: Andrea Castillo toma una asesoría de Literatura con Beatriz Mendoza
INSERT INTO ASESORIA_ENTITY (COMPLETADA, CALENDARIO_ID, ID, PROFESOR_ID, RESERVA_ID, USUARIO_ID, AREA, DURACION, TEMATICA, TIPO) VALUES (FALSE, 9, 9, 102, 1009, 9, 'Literatura', 75, 'Literatura contemporánea', 'Virtual');
-- Asesoría 10: Julian Mendez toma una asesoría de Ingeniería de Software con Carlos Vera
INSERT INTO ASESORIA_ENTITY (COMPLETADA, CALENDARIO_ID, ID, PROFESOR_ID, RESERVA_ID, USUARIO_ID, AREA, DURACION, TEMATICA, TIPO) VALUES (FALSE, 10, 10, 103, 1010, 10, 'Ingeniería de Software', 90, 'Desarrollo ágil de software', 'Presencial');


--Crear Tematicas
INSERT INTO TEMATICA_ENTITY (ID, AREA, TEMA) VALUES (1, 'Matemáticas', 'Álgebra lineal');
INSERT INTO TEMATICA_ENTITY (ID, AREA, TEMA) VALUES (2, 'Matemáticas', 'Cálculo diferencial');
INSERT INTO TEMATICA_ENTITY (ID, AREA, TEMA) VALUES (3, 'Física', 'Mecánica clásica');
INSERT INTO TEMATICA_ENTITY (ID, AREA, TEMA) VALUES (4, 'Física', 'Termodinámica');
INSERT INTO TEMATICA_ENTITY (ID, AREA, TEMA) VALUES (5, 'Lenguaje', 'Comprensión lectora');
INSERT INTO TEMATICA_ENTITY (ID, AREA, TEMA) VALUES (6, 'Lenguaje', 'Gramática avanzada');
INSERT INTO TEMATICA_ENTITY (ID, AREA, TEMA) VALUES (7, 'Química', 'Reacciones químicas');
INSERT INTO TEMATICA_ENTITY (ID, AREA, TEMA) VALUES (8, 'Química', 'Estructura atómica');
INSERT INTO TEMATICA_ENTITY (ID, AREA, TEMA) VALUES (9, 'Biología', 'Genética');
INSERT INTO TEMATICA_ENTITY (ID, AREA, TEMA) VALUES (10, 'Biología', 'Evolución');



--Crear Usuario_Entity_Tematicas
INSERT INTO USUARIO_ENTITY_TEMATICAS(PROFESORES_ID, TEMATICAS_ID) VALUES (101, 3); -- Alberto Ruiz → Mecánica clásica
INSERT INTO USUARIO_ENTITY_TEMATICAS(PROFESORES_ID, TEMATICAS_ID) VALUES (101, 4); -- Alberto Ruiz → Termodinámica
INSERT INTO USUARIO_ENTITY_TEMATICAS(PROFESORES_ID, TEMATICAS_ID) VALUES (102, 1); -- Beatriz Mendoza → Álgebra lineal
INSERT INTO USUARIO_ENTITY_TEMATICAS(PROFESORES_ID, TEMATICAS_ID) VALUES (102, 2); -- Beatriz Mendoza → Cálculo diferencial
INSERT INTO USUARIO_ENTITY_TEMATICAS(PROFESORES_ID, TEMATICAS_ID) VALUES (104, 7); -- Diana Torres → Reacciones químicas
INSERT INTO USUARIO_ENTITY_TEMATICAS(PROFESORES_ID, TEMATICAS_ID) VALUES (104, 8); -- Diana Torres → Estructura atómica
INSERT INTO USUARIO_ENTITY_TEMATICAS(PROFESORES_ID, TEMATICAS_ID) VALUES (105, 9); -- Eduardo Morales → Genética
INSERT INTO USUARIO_ENTITY_TEMATICAS(PROFESORES_ID, TEMATICAS_ID) VALUES (105, 10); -- Eduardo Morales → Evolución
INSERT INTO USUARIO_ENTITY_TEMATICAS(PROFESORES_ID, TEMATICAS_ID) VALUES (11, 1); -- Marcela Ramirez → Álgebra lineal
INSERT INTO USUARIO_ENTITY_TEMATICAS(PROFESORES_ID, TEMATICAS_ID) VALUES (11, 2); -- Marcela Ramirez → Cálculo diferencial



--Crear Reserva_Entity
-- Reserva 1: Maria Gomez toma asesoría de Física con Alberto Ruiz
INSERT INTO RESERVA_ENTITY(CANCELADA, FECHA_RESERVA, ASESORIA, CALENDARIO, COMENTARIO, ESTUDIANTE, ID, ESTADO)VALUES (FALSE, '2025-05-04', 1, 1, 1, 1, 1001, 'Completada');
-- Reserva 2: Juan Perez toma asesoría de Matemáticas con Beatriz Mendoza
INSERT INTO RESERVA_ENTITY(CANCELADA, FECHA_RESERVA, ASESORIA, CALENDARIO, COMENTARIO, ESTUDIANTE, ID, ESTADO)VALUES (FALSE, '2025-05-04', 2, 2, 2, 2, 1002, 'Completada');
-- Reserva 3: Laura Martinez toma asesoría de Psicología con Beatriz Mendoza
INSERT INTO RESERVA_ENTITY(CANCELADA, FECHA_RESERVA, ASESORIA, CALENDARIO, COMENTARIO, ESTUDIANTE, ID, ESTADO)VALUES (FALSE, '2025-05-04', 3, 3, 3, 3, 1003, 'Completada');
-- Reserva 4: Carlos Lopez toma asesoría de Comunicación Social con Alberto Ruiz
INSERT INTO RESERVA_ENTITY(CANCELADA, FECHA_RESERVA, ASESORIA, CALENDARIO, COMENTARIO, ESTUDIANTE, ID, ESTADO)VALUES (FALSE, '2025-05-04', 4, 4, 4, 4, 1004, 'Completada');
-- Reserva 5: Paula Sanchez toma asesoría de Matemáticas con Beatriz Mendoza
INSERT INTO RESERVA_ENTITY(CANCELADA, FECHA_RESERVA, ASESORIA, CALENDARIO, COMENTARIO, ESTUDIANTE, ID, ESTADO)VALUES (FALSE, '2025-05-04', 5, 5, 5, 5, 1005, 'Completada');
-- Reserva 6: Luis Fernandez toma asesoría de Física con Alberto Ruiz
INSERT INTO RESERVA_ENTITY(CANCELADA, FECHA_RESERVA, ASESORIA, CALENDARIO, COMENTARIO, ESTUDIANTE, ID, ESTADO)VALUES (FALSE, '2025-05-04', 6, 6, 6, 6, 1006, 'Completada');
-- Reserva 7: Ana Garcia toma asesoría de Biología con Beatriz Mendoza
INSERT INTO RESERVA_ENTITY(CANCELADA, FECHA_RESERVA, ASESORIA, CALENDARIO, COMENTARIO, ESTUDIANTE, ID, ESTADO)VALUES (FALSE, '2025-05-04', 7, 7, 7, 7, 1007, 'Completada');
-- Reserva 8: David Moreno toma asesoría de Química con Carlos Vera
INSERT INTO RESERVA_ENTITY(CANCELADA, FECHA_RESERVA, ASESORIA, CALENDARIO, COMENTARIO, ESTUDIANTE, ID, ESTADO)VALUES (FALSE, '2025-05-04', 8, 8, 8, 8, 1008, 'Completada');
-- Reserva 9: Andrea Castillo toma asesoría de Literatura con Beatriz Mendoza
INSERT INTO RESERVA_ENTITY(CANCELADA, FECHA_RESERVA, ASESORIA, CALENDARIO, COMENTARIO, ESTUDIANTE, ID, ESTADO)VALUES (FALSE, '2025-05-04', 9, 9, 9, 9, 1009, 'Completada');
-- Reserva 10: Julian Mendez toma asesoría de Ingeniería de Software con Carlos Vera
INSERT INTO RESERVA_ENTITY(CANCELADA, FECHA_RESERVA, ASESORIA, CALENDARIO, COMENTARIO, ESTUDIANTE, ID, ESTADO)VALUES (FALSE, '2025-05-04', 10, 10, 10, 10, 1010, 'Completada');




--Crear comentario
-- Comentario 1: Maria Gomez comenta sobre su asesoría de Física con Alberto Ruiz
INSERT INTO COMENTARIO_ENTITY(CALIFICACION, ESTUDIANTE, ID, COMENTARIO) VALUES (5, 1, 1, 'La asesoría fue excelente, me ayudó mucho a entender la teoría de la mecánica cuántica.');
-- Comentario 2: Juan Perez comenta sobre su asesoría de Matemáticas con Beatriz Mendoza
INSERT INTO COMENTARIO_ENTITY(CALIFICACION, ESTUDIANTE, ID, COMENTARIO) VALUES (4, 2, 2, 'La asesoría fue buena, pero creo que se podría haber explicado más detalladamente el cálculo diferencial.');
-- Comentario 3: Laura Martinez comenta sobre su asesoría de Psicología con Beatriz Mendoza
INSERT INTO COMENTARIO_ENTITY(CALIFICACION, ESTUDIANTE, ID, COMENTARIO) VALUES (5, 3, 3, 'Me encantó la asesoría, la profesora explicó muy bien los conceptos de psicología del desarrollo.');
-- Comentario 4: Carlos Lopez comenta sobre su asesoría de Comunicación Social con Alberto Ruiz
INSERT INTO COMENTARIO_ENTITY(CALIFICACION, ESTUDIANTE, ID, COMENTARIO) VALUES (3, 4, 4, 'La asesoría fue útil, pero hubo algunos momentos en los que se hacía muy técnica la explicación de la teoría de la comunicación.');
-- Comentario 5: Paula Sanchez comenta sobre su asesoría de Matemáticas con Beatriz Mendoza
INSERT INTO COMENTARIO_ENTITY(CALIFICACION, ESTUDIANTE, ID, COMENTARIO) VALUES (4, 5, 5, 'La asesoría estuvo bien, pero hubiera preferido más ejemplos prácticos de álgebra lineal.');
-- Comentario 6: Luis Fernandez comenta sobre su asesoría de Física con Alberto Ruiz
INSERT INTO COMENTARIO_ENTITY(CALIFICACION, ESTUDIANTE, ID, COMENTARIO) VALUES (5, 6, 6, 'Fue una excelente asesoría, entendí muy bien los temas de electromagnetismo. ¡Muy recomendable!');
-- Comentario 7: Ana Garcia comenta sobre su asesoría de Biología con Beatriz Mendoza
INSERT INTO COMENTARIO_ENTITY(CALIFICACION, ESTUDIANTE, ID, COMENTARIO) VALUES (4, 7, 7, 'La clase fue bastante clara, aunque me gustaría que se profundizara un poco más en los detalles de la biología celular.');
-- Comentario 8: David Moreno comenta sobre su asesoría de Química con Carlos Vera
INSERT INTO COMENTARIO_ENTITY(CALIFICACION, ESTUDIANTE, ID, COMENTARIO) VALUES (5, 8, 8, 'La asesoría fue increíble, el profesor tiene una gran forma de explicar la química orgánica. ¡Me ayudó mucho!');
-- Comentario 9: Andrea Castillo comenta sobre su asesoría de Literatura con Beatriz Mendoza
INSERT INTO COMENTARIO_ENTITY(CALIFICACION, ESTUDIANTE, ID, COMENTARIO) VALUES (5, 9, 9, 'La asesoría fue excelente, la profesora explicó muy bien la literatura contemporánea y me dio muchos recursos adicionales.');
-- Comentario 10: Julian Mendez comenta sobre su asesoría de Ingeniería de Software con Carlos Vera
INSERT INTO COMENTARIO_ENTITY(CALIFICACION, ESTUDIANTE, ID, COMENTARIO) VALUES (4, 10, 10, 'La asesoría fue útil, aunque me gustaría que se hablara más sobre los detalles del desarrollo ágil de software.');




--Crear Calendario
-- Calendario 1: Asesoría de Física con Alberto Ruiz
INSERT INTO CALENDARIO_ENTITY (FECHA_FIN, FECHA_INICIO, ID, PROFESOR_ID) VALUES ('2025-05-07 14:00:00', '2025-05-07 13:00:00', 1, 101);
-- Calendario 2: Asesoría de Matemáticas con Beatriz Mendoza
INSERT INTO CALENDARIO_ENTITY (FECHA_FIN, FECHA_INICIO, ID, PROFESOR_ID) VALUES ('2025-05-08 11:30:00', '2025-05-08 10:00:00', 2, 102);
-- Calendario 3: Asesoría de Psicología con Beatriz Mendoza
INSERT INTO CALENDARIO_ENTITY (FECHA_FIN, FECHA_INICIO, ID, PROFESOR_ID) VALUES ('2025-05-09 16:00:00', '2025-05-09 15:00:00', 3, 102);
-- Calendario 4: Asesoría de Comunicación Social con Alberto Ruiz
INSERT INTO CALENDARIO_ENTITY (FECHA_FIN, FECHA_INICIO, ID, PROFESOR_ID) VALUES ('2025-05-10 12:00:00', '2025-05-10 11:15:00', 4, 101);
-- Calendario 5: Asesoría de Matemáticas con Beatriz Mendoza
INSERT INTO CALENDARIO_ENTITY (FECHA_FIN, FECHA_INICIO, ID, PROFESOR_ID) VALUES ('2025-05-11 13:30:00', '2025-05-11 12:00:00', 5, 102);
-- Calendario 6: Asesoría de Física con Alberto Ruiz
INSERT INTO CALENDARIO_ENTITY (FECHA_FIN, FECHA_INICIO, ID, PROFESOR_ID) VALUES ('2025-05-12 14:00:00', '2025-05-12 13:00:00', 6, 101);
-- Calendario 7: Asesoría de Biología con Beatriz Mendoza
INSERT INTO CALENDARIO_ENTITY (FECHA_FIN, FECHA_INICIO, ID, PROFESOR_ID) VALUES ('2025-05-13 16:30:00', '2025-05-13 15:00:00', 7, 102);
-- Calendario 8: Asesoría de Química con Carlos Vera
INSERT INTO CALENDARIO_ENTITY (FECHA_FIN, FECHA_INICIO, ID, PROFESOR_ID) VALUES ('2025-05-14 12:00:00', '2025-05-14 11:00:00', 8, 103);
-- Calendario 9: Asesoría de Literatura con Beatriz Mendoza
INSERT INTO CALENDARIO_ENTITY (FECHA_FIN, FECHA_INICIO, ID, PROFESOR_ID) VALUES ('2025-05-15 13:30:00', '2025-05-15 12:15:00', 9, 102);
-- Calendario 10: Asesoría de Ingeniería de Software con Carlos Vera
INSERT INTO CALENDARIO_ENTITY (FECHA_FIN, FECHA_INICIO, ID, PROFESOR_ID) VALUES ('2025-05-16 14:30:00', '2025-05-16 13:00:00', 10, 103);
